Name,IsSponsored,StarRating,ReviewCount,Timestamp
"ABOUTTHEFIT Polycarbonate Folio Case for Samsung Galaxy Tab A 10.1 Inch 2019, Black",False,4.2,4776,10-09-2021 23:06:47
ABOUTTHEFIT Screen Protector for Samsung Galaxy tab J Max T280/T285N 2018 2017,False,2.6,55,10-09-2021 23:06:47
"Logitech MK215 Wireless Keyboard and Mouse Combo for Windows, 2.4 GHz Wireless, Compact Design, 2-Year Battery Life(Keyboard),5 Month Battery Life(Mouse) PC/Laptop- Black",True,4.1,16723,10-09-2021 23:06:47
"Logitech MK295 Wireless Keyboard and Mouse Combo - SilentTouch Technology, Full Number Keyboard, Shortcut Buttons, Nano USB Receiver, 90% Less Noise - Black",True,4.4,842,10-09-2021 23:06:47
Dell KB216 Wired Multimedia USB Keyboard,False,4.4,16008,10-09-2021 23:06:47
Zebronics ZEB-KM2100 Multimedia USB Keyboard Comes with 114 Keys Including 12 Dedicated Multimedia Keys & with Rupee Key,False,3.6,19831,10-09-2021 23:06:47
Zebronics Wired Keyboard and Mouse Combo with 104 Keys and a USB Mouse with 1200 DPI - JUDWAA 750,False,3.9,6085,10-09-2021 23:06:47
CORSAIR K95 RGB Mechanical Gaming Keyboard-USB Passthrough-Cherry MX Speed- Black,False,4.6,4591,10-09-2021 23:06:47
"Logitech MK850 Multi-Device Wireless Keyboard and Mouse Combo, 2.4GHz Wireless & Bluetooth, Curved Keyframe , 12 Programmable Keys, 3-Year Battery Life, PC/Mac",False,4.4,2210,10-09-2021 23:06:47
TVS Electronics Gold Keyboard,False,4.4,981,10-09-2021 23:06:47
"Logitech K230 Compact Wireless Keyboard for Windows, 2.4GHz Wireless with USB Unifying Receiver, Space-Saving Design, 2-Year Battery Life, PC/Laptop- Black",False,4.2,11254,10-09-2021 23:06:47
"Zinq Technologies ZQ-1133 Full-Size Wired Keyboard with 104 Keys, 3 LED Lights and 1.5m Cable (Black)",False,3.9,282,10-09-2021 23:06:47
"Redgear Blaze Semi-Mechanical wired Gaming keyboard with 3 colour backlit, full aluminium body & Windows key lock for PC ( Black )",False,4.3,4851,10-09-2021 23:06:47
"EvoFox Fireblade Gaming Wired Keyboard with LED Backlit, 19 Anti-Ghosting Keys and Windows Lock Key (TKL) (Black)",False,4.2,3285,10-09-2021 23:06:47
"Logitech K480 Wireless Multi-Device Keyboard for Windows, Apple iOS android or Chrome, Wireless Bluetooth, Compact Space-Saving Design, PC/Mac/Laptop/Smartphone/Tablet- Black",False,4.4,15618,10-09-2021 23:06:47
"Logitech G213 Prodigy Gaming Keyboard, LIGHTSYNC RGB Backlit Keys, Spill-Resistant, Customizable Keys, Dedicated Multi-Media Keys - Black",True,4.5,4532,10-09-2021 23:06:47
"i GEAR KeyBee Retro Typewriter Inspired 2.4GHz Wireless Keyboard and Mouse Combo with USB Support, Single Nano Receiver, Round Keycaps, Cleaning Brush (Black Pink)",True,4.4,350,10-09-2021 23:06:47
Amkette Xcite Pro USB Keyboard (Black),False,4.1,5514,10-09-2021 23:06:47
"Logitech K120 Wired Keyboard for Windows, USB Plug-and-Play, Full-Size, Spill-Resistant, Curved Space Bar, Compatible with PC, Laptop",False,4.4,4858,10-09-2021 23:06:47
"Quantum QHM-7406 Full-Sized Keyboard with (₹) Rupee Symbol, Hotkeys and 3-pieces LED function for Desktop/Laptop/Smart TV Spill-Resistant Wired USB Keyboard with 10 million keystrokes lifespan (Black)",False,3.8,1808,10-09-2021 23:06:47
Targus KB55 AKB55TT Bluetooth Multi-Platform Keyboard (Black),False,4.0,1702,10-09-2021 23:06:47
"HP K500F Backlit Membrane Wired Gaming Keyboard, Backlit Mixed Color Lighting, Metal Panel with Logo Lighting, 26 Anti-Ghosting Keys, and Windows Lock Key(7ZZ97AA)",False,4.3,1785,10-09-2021 23:06:47
iBall Winner V2.0 Wired USB Desktop Keyboard (Black),False,3.8,2808,10-09-2021 23:06:47
"Zebronics USB Keyboard with Rupee Key, USB Interface and Retractable Stand - K20",False,3.9,1100,10-09-2021 23:06:47
"TVS Electronics Champ Heavy Duty Keyboard, Rugged Body, Membrane USB Keyboard with Function-Enabled Multimedia Keys",False,4.1,378,10-09-2021 23:06:47
Artis K10 Wired USB Keyboard,True,3.8,488,10-09-2021 23:06:47
Zebronics Zeb-Transformer-k USB Gaming Keyboard with Multicolor LED Effect,True,4.4,25077,10-09-2021 23:06:47
Prodot KB-207s Wired USB Standard Keyboard (Black),False,3.9,818,10-09-2021 23:06:50
"Logitech K480 Wireless Multi-Device Keyboard for Windows, Apple iOS Android or Chrome, Wireless Bluetooth, Compact Space-Saving Design, PC/Mac/Laptop/Smartphone/Tablet- White",False,4.4,15618,10-09-2021 23:06:50
"Quantum QHM9800 Rapid Strike Mechanical Gaming Multimedia Wired Keyboard with 6-Colour RGB LED, 12 Adjustable Lighting Modes, Lasting Durability and Rupee (₹) Key (Black)",False,4.1,466,10-09-2021 23:06:50
"Redgear Shadow Blade Mechanical Keyboard with Drive Customization, Spectrum LED Lights, Media Control Knob and Wrist Support (Black)",False,4.6,657,10-09-2021 23:06:50
"HP K300 Backlit Membrane Wired Gaming Keyboard, Backlit Mixed Color Lighting, 4 LED Indicators, Matte Finish Double Injection Key Caps and Windows Lock Key(4QM95AA)",False,4.1,750,10-09-2021 23:06:50
"Zebronics Zeb-Transformer Gaming Keyboard and Mouse Combo (USB, Braided Cable)",False,4.4,25077,10-09-2021 23:06:50
Zebronics Zeb-Companion 107 Wireless Keyboard and Mouse Combo with Nano Receiver (Black),False,3.6,4160,10-09-2021 23:06:50
"Lenovo 100 Wireless Keyboard & Mouse Combo, Ambidextrous 1000 DPI Mouse Optical Sensor, upto 3M clicks, Ultra slim water resistant keyboard, 2.4 GHz Wireless Nano USB, upto 1yr battery life GX30L66303",False,4.1,4487,10-09-2021 23:06:50
"AmazonBasics Kindle Fire Standing Case, 7"" (2015 Model),  Purple",True,3.8,198,10-09-2021 23:06:50
"Lapster Universal Silicone 14.0"" Keyboard Protector Skin||Keyboard Dust Cover| Keyboard Skin for 140"" Laptop |14.0"" Keyguard | Laptop Keyboard Cover 14 inch",False,5.0,1,10-09-2021 23:06:50
"Tukzer Wrist Rest Pad, Mouse Wrist Cushion Support for Office Upgrade Enlarge Gel Memory Foam Set Keyboard for Computer, Laptop, Mac; Comfortable, Lightweight for Easy Typing Pain Relief | Black",False,4.6,314,10-09-2021 23:06:50
"Portronics Key2-A Combo of Multimedia Wireless Keyboard & Mouse, Compact Light-Weight for PCs, Laptops and Smart TV, White",False,4.1,5141,10-09-2021 23:06:50
"Zebronics Zeb-Companion 500 2.4GHz Wireless Keyboard & Mouse Combo, USB Nano Receiver, Chiclet Keys, Ultra Silent, Power On/Off Switch, Rupee Key, for PC/Mac/Laptop",False,4.3,60,10-09-2021 23:06:50
"Lapster Universal Silicone 15.6"" Keyboard Protector Skin||Keyboard Dust Cover||Keyboard Skin for 15.6"" Laptop|15.6"" Keyguard|",False,3.5,178,10-09-2021 23:06:50
Dell Km117 Wireless Keyboard Mouse,False,4.3,19317,10-09-2021 23:06:50
HP 100 Wired USB Keyboard,False,4.3,5045,10-09-2021 23:06:53
"Logitech MX Keys Advanced Illuminated Wireless Keyboard, Bluetooth, Tactile Responsive Typing, Backlit Keys, USB-C, PC/Mac/Laptop, Windows/Linux/iOS/Android - Graphite Black",False,4.7,327,10-09-2021 23:06:53
"Buddymate Wireless Multi-Device Mini 2.4Ghz Touchpad Keyboard Comes 360 Degree Flip, USB Drive Port/Rechargeable Lithium-Ion Battery Ergonomically Handheld Design (Black)",False,3.8,65,10-09-2021 23:06:53
"Frontech USB Keyboard, kb-0011, Black",False,4.0,57,10-09-2021 23:06:53
Quantum QHM7307 Mini Spill-Resistant USB Wired Slim Keyboard with Chocolate Keys Having 10 Million keystrokes for Laptop/Desktop (Black),False,3.6,1554,10-09-2021 23:06:53
Ant Esports MK3200 Mechanical RGB Gaming Keyboard with Outemu Blue Switches,False,4.2,3844,10-09-2021 23:06:53
Dell USB Wired Keyboard & Mouse Combo(Black) KB216+MS116,False,4.4,2218,10-09-2021 23:06:53
Zebronics Zeb-Magnus USB Gaming Keyboard with LED Lights,False,4.2,237,10-09-2021 23:06:53
BROLAVIYA Ultrathin Wireless Bluetooth Keyboard for iPad/iMac/iPhone/Android Phones/Samsung Galaxy Tab and Other Tablets,False,4.3,26,10-09-2021 23:06:53
"SIS PS2 KB 110-key PS2 Multimedia Keyboard(MM KB, PS/2)",False,3.9,38,10-09-2021 23:06:53
Foxin FKB-102 Plus Full Size Wired USB Keyboard (Black),False,2.9,16,10-09-2021 23:06:53
"Coconut WKM14 Classic Wireless Keyboard and Mouse Combo for Windows, 2.4Ghz Wireless Range 6-10M, Full-Sized Retro Keyboard, 4 Button Adjustable DPI 1000 Mouse, PC/Laptop",False,3.5,111,10-09-2021 23:06:53
Generic Keyboard for Lenovo IdeaPad G580 Z580 V580 V585 G585 Z580A N580 P580 P585 Laptop,False,3.6,115,10-09-2021 23:06:55
"Heypex Mini 2.4Ghz Wireless Touchpad Keyboard Comes with 360 Degree Flip, USB Drive Port/Rechargeable Lithium-Ion Battery Ergonomically Handheld Design (Black)",False,3.8,78,10-09-2021 23:06:55
"Cosmic Byte CB-GK-02 Corona Wired Gaming Keyboard, 7 Color RGB Backlit with Effects, Anti-Ghosting (Black)",False,4.4,2464,10-09-2021 23:06:55
Live Tech KB04 USB Multimedia Keyboard.,False,3.5,794,10-09-2021 23:06:55
Teconica QC45 Universal & Portable Mini 2.4GHz Wireless Bluetooth Keyboard with Smooth Touch pad for Both Gaming & Official Use Compatible for All Devices (Multi Color),False,3.6,54,10-09-2021 23:06:55
"Quantum Wired USB Combo with Keyboard, Mouse and 4 Port USB-Hub (QHM7406,QHM222,QHM6633)",False,3.6,42,10-09-2021 23:06:55
"Lenovo USB Keyboard K4802, Black",False,4.3,1373,10-09-2021 23:06:55
Generic Replacement Laptop Keyboard for LENOVO G50-70 59427097,False,3.5,213,10-09-2021 23:06:55
"Zebronics Zeb-DLK01 USB Multimedia Keyboard with 104 UV Coated Keys, Rupee Key, 12 Hot Keys",False,4.1,148,10-09-2021 23:06:55
Quantum QHM7403D Spill-Resistant Wired USB Keyboard (Black),False,2.6,4,10-09-2021 23:06:55
"Logitech K380 Wireless Multi-Device Keyboard for Windows, Apple iOS, Apple TV Android or Chrome, Bluetooth, Compact Space-Saving Design, PC/Mac/Laptop/Smartphone/Tablet (Blue)",False,4.6,8504,10-09-2021 23:06:55
EvoFox X-Team Fireblade TKL Gaming Keyboard and Mouse Combo with Anti-Ghosting Keys and Breathing LED Effects & Gaming Mouse with 3200 DPI and Programmable Software,False,4.5,43,10-09-2021 23:06:55
"Justec Keyboard Cover Fit with ASUS TUF Gaming A15 TUF506 TUF506IV TUF506IU FA506 FA506IH FA506II, TUF Gaming F17 FX706 FX706LI, TUF Gaming A17 TUF706 TUF706IU TUF706IH Series Gaming Laptop - Clear",False,4.0,32,10-09-2021 23:06:58
"Logitech MK240 Nano Wireless Keyboard and Mouse Combo,12 Function Keys 2.4GHz Wireless, 1000DPI,Spill-Resistant Design, PC/Mac-Black/Chartreuse Yellow",False,4.3,2160,10-09-2021 23:06:58
AMZT Keyboard for Dell Inspiron 15 3000 5000 3541 3542 3543 3551 3558 5542 5545 5547 5558 5559 Series Laptop,False,3.5,145,10-09-2021 23:06:58
"Portronics Chicklet POR-973 Foldable QWERTY Keyboard, Mini Pocket Sized, Rechargeable, Bluetooth Wireless, One Touch Connect Button, for iOS, Android and Windows Tabs, Smartphones, Black",False,4.1,630,10-09-2021 23:06:58
Saco Keyboard Protector Silicone Skin Cover for Asus VivoBook 14 X412DA 14 inch Laptop - Black,False,4.0,96,10-09-2021 23:06:58
Saco Keyboard Protector Silicone Skin Cover for Dell Vostro 3401 Laptop - Black,False,4.1,116,10-09-2021 23:06:58
"Saco Keyboard Protector Silicone Skin Cover for 13.3"" HP Envy 13-AD010NR 13-AD120NR 13-AD065NR Touch-Screen Laptop -Transparent",False,4.1,110,10-09-2021 23:06:58
Justec Premium Keyboard Protector Cover Fit for Asus Tianxuan 15.6 inch/Tianxuan Plus 17.3 inch ASUS Flying Fortress 8 FA506 Gaming Laptop - Black,False,5.0,3,10-09-2021 23:06:58
